{"IcoMoonType":"selection","icons":[{"icon":{"paths":["M814.058 541.588c0 0-23.619 19.457-32 32-6.803 10.182-14.059 21.211-14.058 33.942v288.47h-640v-640h528c12.73-0.001 24.938-5.057 33.94-14.058l32-32c30.238-30.24 8.822-81.942-33.94-81.942h-592c-53.020 0-96 42.98-96 96v704c0 53.020 42.98 96 96 96h704c53.020 0 96-42.98 96-96v-352.472c0-42.764-51.703-64.179-81.942-33.94zM384.402 719.597v-255.968c0-42.922 51.92-63.96 81.942-33.942l71.414 71.418 487.046-487.046c18.746-18.746 49.136-18.746 67.882 0l45.254 45.254c18.746 18.746 18.746 49.138 0 67.882l-487.050 487.050 71.406 71.41c30.142 30.142 8.794 81.942-33.942 81.942h-255.952c-26.51 0-48-21.49-48-48z"],"attrs":[{}],"width":1152,"isMulticolor":false,"isMulticolor2":false,"grid":0,"tags":["interal-link-alt-solid"]},"attrs":[{}],"properties":{"order":10,"id":0,"name":"interal-link-alt-solid","prevSize":32,"code":59651},"setIdx":2,"setId":2,"iconIdx":0}],"height":1024,"metadata":{"name":"icomoon"},"preferences":{"showGlyphs":true,"showQuickUse":true,"showQuickUse2":true,"showSVGs":true,"fontPref":{"prefix":"icon-","metadata":{"fontFamily":"icomoon"},"metrics":{"emSize":1024,"baseline":6.25,"whitespace":50},"embed":false},"imagePref":{"prefix":"icon-","png":true,"useClassSelector":true,"color":0,"bgColor":16777215,"classSelector":".icon","name":"icomoon","height":32,"columns":16,"margin":16},"historySize":50,"showCodes":true,"gridSize":16}}